ux(mm),uy(mm),uz(mm)
0.06191848953287761,0.06767077491694709,0.23857583785694797
